<?xml version="1.0" encoding="UTF-8"?>
<project-private xmlns="http://www.netbeans.org/ns/project-private/1">
    <editor-bookmarks xmlns="http://www.netbeans.org/ns/editor-bookmarks/2" lastBookmarkId="0"/>
    <open-files xmlns="http://www.netbeans.org/ns/projectui-open-files/2">
        <group>
            <file>file:/E:/IFMG-INFO/2°%20Ano/Banco%20de%20Dados/Criação%20do%20BD/BancoDados-EDUINFOII/src/DAO_LJBD/DAO_Distribuidora.java</file>
            <file>file:/E:/IFMG-INFO/2°%20Ano/Banco%20de%20Dados/Criação%20do%20BD/BancoDados-EDUINFOII/src/Interfaces_LJBD/Interface_Usuario.java</file>
            <file>file:/E:/IFMG-INFO/2°%20Ano/Banco%20de%20Dados/Criação%20do%20BD/BancoDados-EDUINFOII/src/Interfaces_LJBD/Interface_ConsultaD.java</file>
            <file>file:/E:/IFMG-INFO/2°%20Ano/Banco%20de%20Dados/Criação%20do%20BD/BancoDados-EDUINFOII/src/DAO_LJBD/DAO_Usuario.java</file>
            <file>file:/E:/IFMG-INFO/2°%20Ano/Banco%20de%20Dados/Criação%20do%20BD/BancoDados-EDUINFOII/src/DAO_LJBD/DAO_Jogo.java</file>
            <file>file:/E:/IFMG-INFO/2°%20Ano/Banco%20de%20Dados/Criação%20do%20BD/BancoDados-EDUINFOII/src/Conexao_LJBD/ConexaoBD.java</file>
            <file>file:/E:/IFMG-INFO/2°%20Ano/Banco%20de%20Dados/Criação%20do%20BD/BancoDados-EDUINFOII/src/Modelo_LJBD/Modelo_Distribuidora.java</file>
            <file>file:/E:/IFMG-INFO/2°%20Ano/Banco%20de%20Dados/Criação%20do%20BD/BancoDados-EDUINFOII/src/Interfaces_LJBD/Interface_ListagemD.java</file>
            <file>file:/E:/IFMG-INFO/2°%20Ano/Banco%20de%20Dados/Criação%20do%20BD/BancoDados-EDUINFOII/src/Interfaces_LJBD/Interface_ListagemJ.java</file>
            <file>file:/E:/IFMG-INFO/2°%20Ano/Banco%20de%20Dados/Criação%20do%20BD/BancoDados-EDUINFOII/src/Interfaces_LJBD/Interface_Jogo.java</file>
        </group>
    </open-files>
</project-private>
